<WorldData>
	<PetData Type="StarStrider" ID="12527" Levels="1,81">
		<Stat Name="MaxFeed">
			<Formula>
				(-0.0006*level*level*level*level + 0.0903*level*level*level - 4.0182*level*level + 108.51*level + 313.16)
			</Formula>
		</Stat>
		<Stat Name="FeedBattle">
			<Formula>
				2*(-1E-05*level*level*level*level + 0.0015*level*level*level - 0.0681*level*level + 1.8308*level + 4.582)
			</Formula>
		</Stat>
		<Stat Name="FeedNormal">
			<Formula>
				2*(-1E-06*level*level*level*level + 0.0002*level*level*level - 0.0076*level*level + 0.2237*level + 1.5662)
			</Formula>
		</Stat>
		<Stat Name="PAtk">
			<Formula>
				2*(-6E-06*level*level*level*level + 0.0011*level*level*level - 0.0353*level*level + 0.5222*level + 1.3718)
			</Formula>
		</Stat>
		<Stat Name="PDef">
			<Formula>
				2*(-1E-05*level*level*level*level + 0.0017*level*level*level - 0.0386*level*level + 1.2896*level + 63.881)
			</Formula>
		</Stat>
		<Stat Name="MAtk">
			<Formula>
				2*(-5E-06*level*level*level*level + 0.0008*level*level*level - 0.0212*level*level + 0.4092*level + 0.0985)
			</Formula>
		</Stat>
		<Stat Name="MDef">
			<Formula>
				2*(-7E-07*level*level*level*level + 6E-05*level*level*level - 0.004*level*level + 0.3042*level + 7.8166)
			</Formula>
		</Stat>
		<Stat Name="HP">
			<Formula>
				2*(-0.0002*level*level*level*level + 0.0269*level*level*level - 0.2837*level*level + 29.216*level + 32.492)
			</Formula>
		</Stat>
		<Stat Name="MP">
			<Formula>
				2*(-3E-05*level*level*level*level + 0.0045*level*level*level - 0.1025*level*level + 4.721*level + 13.703)
			</Formula>
		</Stat>
		<Stat Name="RegenHP">
			<Formula>
				2*(3E-07*level*level*level*level + 5E-05*level*level*level - 0.0036*level*level + 0.0042*level + 1.9333)
			</Formula>
		</Stat>
		<Stat Name="RegenMP">
			<Formula>
				2*(1E-07*level*level*level*level + 2E-05*level*level*level - 0.0012*level*level + 0.0077*level + 0.8553)
			</Formula>
		</Stat>
		<Stat Name="Exp"><!--(-7E-07*level*level*level*level + 0.0002*level*level*level - 0.011*level*level + 0.3833*level + 1.0919)!-->
			<Formula>
				pow(10, (1.9455*log1p(level)) - 0.1243)
			</Formula>
		</Stat>
	</PetData>
</WorldData>