<WorldData>
	<PetData Type="TwilightStrider" ID="12528" Levels="1,81">
		<Stat Name="MaxFeed">
			<Formula>
				2*(-0.00002*level*level*level*level + 0.0032*level*level*level - 0.1193*level*level + 3.0085*level + 2.0819)
			</Formula>
		</Stat>
		<Stat Name="FeedBattle">
			<Formula>
				2*(-8E-07*level*level*level*level + 0.0001*level*level*level - 0.0055*level*level + 0.0791*level + 0.7475)
			</Formula>
		</Stat>
		<Stat Name="FeedNormal">
			<Formula>
				2
			</Formula>
		</Stat>
		<Stat Name="PAtk">
			<Formula>
				2*(-2E-06*level*level*level*level + 0.0003*level*level*level - 0.0101*level*level + 0.0809*level + 0.0559)
			</Formula>
		</Stat>
		<Stat Name="PDef">
			<Formula>
				-2*(5E-07*level*level*level*level + 0.0001*level*level*level - 0.0152*level*level + 0.1278*level - 0.3123)
			</Formula>
		</Stat>
		<Stat Name="MAtk">
			<Formula>
				2*(-2E-06*level*level*level*level + 0.0004*level*level*level - 0.0092*level*level + 0.1805*level + 0.0125)
			</Formula>
		</Stat>
		<Stat Name="MDef">
			<Formula>
				2*(-7E-07*level*level*level*level + 6E-05*level*level*level - 0.004*level*level + 0.3042*level + 7.8166)
			</Formula>
		</Stat>
		<Stat Name="HP">
			<Formula>
				2*(-0.0001*level*level*level*level + 0.0143*level*level*level - 0.1799*level*level + 15.211*level + 14.053)
			</Formula>
		</Stat>
		<Stat Name="MP">
			<Formula>
				2*(-3E-05*level*level*level*level + 0.0045*level*level*level - 0.1025*level*level + 4.721*level + 13.703)
			</Formula>
		</Stat>
		<Stat Name="RegenHP">
			<Formula>
				2*(3E-07*level*level*level*level + 8E-05*level*level*level - 0.0062*level*level + 0.0086*level + 3.8049)
			</Formula>
		</Stat>
		<Stat Name="RegenMP">
			<Formula>
				2*(-2E-08*level*level*level*level + 7E-07*level*level*level - 0.0001*level*level + 0.0246*level + 0.7936)
			</Formula>
		</Stat>
		<Stat Name="Exp"><!--(-8E-07*level*level*level*level + 0.0002*level*level*level - 0.0115*level*level + 0.4*level + 0.6814)!-->
			<Formula>
				pow(10, (1.9455*log1p(level)) - 0.1243)
			</Formula>
		</Stat>
	</PetData>
</WorldData>