<WorldData>
	<PetData Type="Wolf" ID="12077" Levels="1,81">
		<Stat Name="MaxFeed">
			<Formula>
				-0.00006*level*level*level*level + 0.0167*level*level*level - 0.6194*level*level + 34.095*level + 119.41
			</Formula>
		</Stat>
		<Stat Name="FeedBattle">
			<Formula>
				-0.000001*level*level*level*level + 0.0003*level*level*level - 0.0094*level*level + 0.5439*level + 1.6707
			</Formula>
		</Stat>
		<Stat Name="FeedNormal">
			<Formula>
				-0.00000002*level*level*level*level + 0.0000002*level*level*level - 0.0032*level*level + 0.0815*level + 2.3303
			</Formula>
		</Stat>
		<Stat Name="PAtk">
			<Formula>
				-0.00001*level*level*level*level + 0.0018*level*level*level - 0.0536*level*level + 1.254*level + 1.8836
			</Formula>
		</Stat>
		<Stat Name="PDef">
			<Formula>
				-0.000001*level*level*level*level + 0.0002*level*level*level - 0.0107*level*level + 1.2266*level + 7.055
			</Formula>
		</Stat>
		<Stat Name="MAtk">
			<Formula>
				-0.000007*level*level*level*level + 0.0012*level*level*level - 0.0314*level*level + 0.6067*level + 0.1728
			</Formula>
		</Stat>
		<Stat Name="MDef">
			<Formula>
				-0.0000007*level*level*level*level + 0.00006*level*level*level - 0.004*level*level + 0.3042*level + 7.8166
			</Formula>
		</Stat>
		<Stat Name="HP">
			<Formula>
				-0.00005*level*level*level*level + 0.0067*level*level*level - 0.0709*level*level + 7.3041*level + 8.123
			</Formula>
		</Stat>
		<Stat Name="MP">
			<Formula>
				-0.00003*level*level*level*level + 0.0045*level*level*level - 0.1025*level*level + 4.721*level + 13.703
			</Formula>
		</Stat>
		<Stat Name="RegenHP">
			<Formula>
				0.00000003*level*level*level*level + 0.00003*level*level*level - 0.0029*level*level + 0.0034*level + 1.92
			</Formula>
			</Stat>
		<Stat Name="RegenMP">
			<Formula>
				0.00000008*level*level*level*level + 0.00002*level*level*level - 0.0009*level*level + 0.0099*level + 0.8513
			</Formula>
		</Stat>
		<Stat Name="Exp"><!--(-7E-07*level*level*level*level + 0.0001*level*level*level - 0.0109*level*level + 0.3801*level + 1.3726)!-->
			<Formula>
				pow(10, (1.9455*log1p(level))) - 0.1243
			</Formula>
		</Stat>
	</PetData>
</WorldData>